-- Seed session
insert into public.sessions (id, name, slug, is_active)
values (
  '00000000-0000-0000-0000-000000000001',
  'BitBingo Kickoff',
  'bitbingo-kickoff',
  true
)
on conflict (id) do nothing;

-- Seed participants
insert into public.participants (id, session_id, display_name, handle)
values
  ('00000000-0000-0000-0000-000000000010', '00000000-0000-0000-0000-000000000001', 'Ada Nova', '@ada'),
  ('00000000-0000-0000-0000-000000000011', '00000000-0000-0000-0000-000000000001', 'Lin Conway', '@lin'),
  ('00000000-0000-0000-0000-000000000012', '00000000-0000-0000-0000-000000000001', 'Kai Malik', '@kai')
on conflict (id) do nothing;

-- Seed challenges (positions 0-24)
insert into public.challenges (id, session_id, title, description, position, points)
values
  ('00000000-0000-0000-0000-000000000101', '00000000-0000-0000-0000-000000000001', 'Circle printing logic based on coordinate geometry', null, 0, 10),
  ('00000000-0000-0000-0000-000000000102', '00000000-0000-0000-0000-000000000001', 'Bitwise parity checker', null, 1, 10),
  ('00000000-0000-0000-0000-000000000103', '00000000-0000-0000-0000-000000000001', 'Two-pointer palindrome scanner', null, 2, 10),
  ('00000000-0000-0000-0000-000000000104', '00000000-0000-0000-0000-000000000001', 'Memoized Fibonacci stream', null, 3, 10),
  ('00000000-0000-0000-0000-000000000105', '00000000-0000-0000-0000-000000000001', 'Matrix spiral traversal', null, 4, 10),
  ('00000000-0000-0000-0000-000000000106', '00000000-0000-0000-0000-000000000001', 'Balanced bracket automaton', null, 5, 10),
  ('00000000-0000-0000-0000-000000000107', '00000000-0000-0000-0000-000000000001', 'Greedy coin change audit', null, 6, 10),
  ('00000000-0000-0000-0000-000000000108', '00000000-0000-0000-0000-000000000001', 'Depth-first grid islands', null, 7, 10),
  ('00000000-0000-0000-0000-000000000109', '00000000-0000-0000-0000-000000000001', 'Dynamic window substring search', null, 8, 10),
  ('00000000-0000-0000-0000-000000000110', '00000000-0000-0000-0000-000000000001', 'Linked list cycle detector', null, 9, 10),
  ('00000000-0000-0000-0000-000000000111', '00000000-0000-0000-0000-000000000001', 'Binary search edge finder', null, 10, 10),
  ('00000000-0000-0000-0000-000000000112', '00000000-0000-0000-0000-000000000001', 'Prefix sum anomaly detector', null, 11, 10),
  ('00000000-0000-0000-0000-000000000113', '00000000-0000-0000-0000-000000000001', 'LRU cache warmup', null, 12, 10),
  ('00000000-0000-0000-0000-000000000114', '00000000-0000-0000-0000-000000000001', 'Event-loop microtask tracer', null, 13, 10),
  ('00000000-0000-0000-0000-000000000115', '00000000-0000-0000-0000-000000000001', 'Promise race orchestrator', null, 14, 10),
  ('00000000-0000-0000-0000-000000000116', '00000000-0000-0000-0000-000000000001', 'Heap-based task scheduler', null, 15, 10),
  ('00000000-0000-0000-0000-000000000117', '00000000-0000-0000-0000-000000000001', 'Topological sort of modules', null, 16, 10),
  ('00000000-0000-0000-0000-000000000118', '00000000-0000-0000-0000-000000000001', 'Trie autocomplete builder', null, 17, 10),
  ('00000000-0000-0000-0000-000000000119', '00000000-0000-0000-0000-000000000001', 'Segment tree range updater', null, 18, 10),
  ('00000000-0000-0000-0000-000000000120', '00000000-0000-0000-0000-000000000001', 'Union-Find cluster join', null, 19, 10),
  ('00000000-0000-0000-0000-000000000121', '00000000-0000-0000-0000-000000000001', 'WebSocket heartbeat pinger', null, 20, 10),
  ('00000000-0000-0000-0000-000000000122', '00000000-0000-0000-0000-000000000001', 'Token bucket rate limiter', null, 21, 10),
  ('00000000-0000-0000-0000-000000000123', '00000000-0000-0000-0000-000000000001', 'CRC checksum validator', null, 22, 10),
  ('00000000-0000-0000-0000-000000000124', '00000000-0000-0000-0000-000000000001', 'Color flood fill routine', null, 23, 10),
  ('00000000-0000-0000-0000-000000000125', '00000000-0000-0000-0000-000000000001', 'Sensor jitter smoothing filter', null, 24, 10)
on conflict (id) do nothing;

-- Seed completions
insert into public.completions (id, session_id, participant_id, challenge_id)
values
  ('00000000-0000-0000-0000-00000000c001', '00000000-0000-0000-0000-000000000001', '00000000-0000-0000-0000-000000000010', '00000000-0000-0000-0000-000000000101'),
  ('00000000-0000-0000-0000-00000000c002', '00000000-0000-0000-0000-000000000001', '00000000-0000-0000-0000-000000000010', '00000000-0000-0000-0000-000000000102'),
  ('00000000-0000-0000-0000-00000000c003', '00000000-0000-0000-0000-000000000001', '00000000-0000-0000-0000-000000000010', '00000000-0000-0000-0000-000000000103'),
  ('00000000-0000-0000-0000-00000000c004', '00000000-0000-0000-0000-000000000001', '00000000-0000-0000-0000-000000000010', '00000000-0000-0000-0000-000000000104'),
  ('00000000-0000-0000-0000-00000000c005', '00000000-0000-0000-0000-000000000001', '00000000-0000-0000-0000-000000000010', '00000000-0000-0000-0000-000000000105'),
  ('00000000-0000-0000-0000-00000000c006', '00000000-0000-0000-0000-000000000001', '00000000-0000-0000-0000-000000000011', '00000000-0000-0000-0000-000000000106'),
  ('00000000-0000-0000-0000-00000000c007', '00000000-0000-0000-0000-000000000001', '00000000-0000-0000-0000-000000000011', '00000000-0000-0000-0000-000000000111'),
  ('00000000-0000-0000-0000-00000000c008', '00000000-0000-0000-0000-000000000001', '00000000-0000-0000-0000-000000000012', '00000000-0000-0000-0000-000000000107'),
  ('00000000-0000-0000-0000-00000000c009', '00000000-0000-0000-0000-000000000001', '00000000-0000-0000-0000-000000000012', '00000000-0000-0000-0000-000000000112'),
  ('00000000-0000-0000-0000-00000000c010', '00000000-0000-0000-0000-000000000001', '00000000-0000-0000-0000-000000000012', '00000000-0000-0000-0000-000000000117')
on conflict (id) do nothing;
